Naziv,MaticniBroj,IdentifikatorMesta,SifraDelatnosti,DatumRegistracije
ARACS,28825005,4446,5814,2011-03-31
"FONDACIJA FIAT AUTOMOBILI SRBIJA AKADEMIJA",28825013,1785,9499,2011-04-18
"VLADIMIR LABAT ROVNJEV",28825021,4515,9003,2011-04-26
"FONDACIJA DR ZORAN ĐINĐIĆ",17531042,472,7220,2011-06-29
AGROINVEST,17755960,332,9499,2011-07-04
"POVRATAK PRIRODI",17457560,333,0150,2011-07-06
"PREDSTAVNIŠTVO FONDACIJE CARITAS ITALIANA",28880006,454,8299,2011-07-12
"VUKOVA ZADUŽBINA - OGRANAK U GAJDOBRI",08918228,4276,9499,2011-07-13
"DELTA FONDACIJA",17699512,415,9499,2011-07-25
"FONDACIJA REGISTAR NACIONALNOG INTERNET DOMENA SRBIJE",17680544,472,9499,2011-07-26
"FONDACIJA HEMOFARM",08519510,333,6820,2011-07-27
"FONDACIJA ZA BEZBEDNOST DECE I OMLADINE U SPORTU SAČUVAJMO DECU ALEKSA PANĆA",28825056,415,9499,2011-07-29
"FONDACIJA NOVINARA SREMA, BANATA I BAČKE",08924481,4512,9499,2011-08-01
"FONDACIJA KATARINA MARIĆ",17678639,415,9499,2011-08-02
"KULTURNO OBRAZOVNA FONDACIJA ZRAK",17690167,349,5811,2011-08-02
"FONDACIJA COR JESU CEHTA",28825064,4592,9001,2011-08-05
"FONDACIJA PORODICE SELAK GLAS MIRA - VOICE OF PEACE",08778647,4426,5510,2011-08-16
"FILIJALA MEĐUNARODNOG DOBROTVORNOG HRIŠĆANSKOG FONDA U RS",17702939,452,9499,2011-08-17
"FONDACIJA DR MILUTIN RISTIĆ ZA JAVNO ZDRAVLJE",17671561,415,9499,2011-08-29
"LJUBO RAŠOVIĆ",17676687,415,9499,2011-09-02
"ZADUŽBINA BORE LATINOVIĆA",08843597,4476,5811,2011-09-09
BAĆANEUM,08798745,4438,9499,2011-09-13
"FONDACIJA KRILA KANJIŽA",08924376,4438,9499,2011-09-14
"FONDACIJA ZA KULTURU KVALITETA I IZVRSNOST",17378104,358,5814,2011-09-16
"REZIME ART FOND",17757644,472,9499,2011-09-16
ADRA,07497024,333,4939,2011-09-19
"HADŽI NADŽIJA KARABEGOVIĆ AGUŠEVIĆ",17529676,2839,9499,2011-09-19
"ANA I VLADE DIVAC",17744135,452,7490,2011-09-21
"PROFESOR BORISLAV LORENC",17799959,472,9499,2011-09-21
COOLIST,08907986,4512,5814,2011-09-29
"KOLEKCIJA TRAJKOVIĆ",17798936,454,9499,2011-09-30
"TELENOR FONDACIJA",17692321,415,9499,2011-10-04
"JUFEDA FONDACIJA",17208578,454,9499,2011-10-05
"PREDSTAVNIŠTVO STRANE ZADUŽBINE ZADUŽBINA STUDENICA-STUDENICA FOUNDATION",17647750,472,8299,2011-10-18
"FOND NIKOLA TESLA",17606573,454,5814,2011-10-19
"ŽENSKI FOND",17544420,472,5811,2011-10-20
"FONDACIJA ZA ODRŽIVE ENERGIJE",28825099,415,5814,2011-10-21
"FOND ZA HUMANITRANO PRAVO",06421458,472,8560,2011-10-21
"HARTEFAKT FOND",17753657,333,9003,2011-10-25
"FONDACIJA POKRET LEVIJATAN",28825102,472,9499,2011-10-27
"FONDACIJA SLOBODAN STOJANOVIĆ",28825129,333,5811,2011-11-08
"KANCELARIJA FRIEDRICH NAUMANN STIFTUNG U BEOGRADU",28900155,454,8299,2011-11-08
"FOND ZA RAZVOJ PRIVREDNIH I NAUČNIH PROJEKATA",17796178,333,6499,2011-11-09
"FONDACIJA PROF.RADOVAN ĆIRIĆ",28825137,332,9499,2011-11-16
"FONDACIJA BRATSTVO KAPETANA LONGINA",28825145,439,5814,2011-11-16
"ZADUŽBINA PRIRODNJAČKA ZBIRKA DR SRĐA DIMITRIJEVIĆ",28825153,4394,9104,2011-11-16
"THOMAS JEFFERSON INSTITUT ZA STUDIJE SVETSKE POLITIKE-PREDSTAVNIŠTVO",17643703,472,8299,2011-11-21
"FOND KLASTER ZDRAVSTVENOG TURIZMA VOJVODINE",08883289,4438,7022,2011-11-23
ALMAGI,28825161,472,9499,2011-11-23
MOBIMED,08904073,4512,9499,2011-11-29
"FONDACIJA POŽAREVAČKA GIMNAZIJA",28825188,3063,9499,2011-12-07
"FONDACIJA SVEŠTENIK RADOSAV MARKOVIĆ",28825196,4245,9499,2011-12-07
"ZADUŽBINA ILIJE M. KOLARCA",07031424,472,9499,2011-12-08
"FONDACIJA DUŠAN KEŠELJ",08890609,4512,9499,2011-12-12
"BALKANKULT FONDACIJA",17593030,333,5811,2011-12-15
"RADOJKA I TINE ŽIVKOVIĆ",17594966,333,9499,2011-12-15
"FONDACIJA ALEKSANDRA SONJA TOMKOVIĆ",17813838,2920,9499,2011-12-20
"FONDACIJA SLAĐANA ĐORĐEVIĆ",08591636,4512,9499,2011-12-21
"ROSA LUXEMBURG STIFTUNG - PREDSTAVNIŠTVO BEOGRAD",28900015,472,8299,2011-12-22
"KONRAD ADENAUER STIFTUNG - PREDSTAVNIŠTVO BEOGRAD",28900031,472,8299,2011-12-22
"RAŠA SIMIĆ",17451421,333,9499,2011-12-22
"FRIEDRICH EBERT STIFTUNG - PREDSTAVNIŠTVO BEOGRAD",17671677,472,8299,2011-12-22
"HEINRICH BOELL STIFTUNG - PREDSTAVNIŠTVO BEOGRAD",17673505,472,8299,2011-12-22
SRCE,28825218,333,9499,2011-12-28
"JEREMIJA SRPSKI MUZEJ HLEBA",08841179,4551,9102,2011-12-28
"RANKO JOKIĆ",28825226,5739,4120,2011-12-30
"FONDACIJA RADOST",28825234,333,5814,2011-12-30
"PREDSTAVNIŠTVO WORLD LEARNING INC.",17647890,454,8299,2011-12-30
"VLASTIMIR PAVLOVIĆ CAREVAC",28825242,472,9003,2012-01-04
"FONDACIJA ĐORĐE ČUROVIĆ",28825269,480,9499,2012-01-11
"HUMANITARNA FONADACIJA HRAST",17793756,415,9499,2012-01-12
"ZADUŽBINA VLADETE JEROTIĆA",17694863,333,9499,2012-01-18
"FONDACIJA DEJAN ISAILOVIĆ-ISA",28825277,4245,9499,2012-01-20
"FONDACIJA "AĆIMOVIĆ"",17595202,472,6820,2012-01-23
"FONDACIJA DANA",28825285,3063,9499,2012-01-27
"FEFA FONDACIJA",17598244,415,9499,2012-01-30
"FONDACIJA SOLIDARNOST SRBIJE",07007779,472,5811,2012-02-10
"ZADUŽBINA NIKOLE SPASIĆA",17231901,472,6820,2012-02-10
"FOND ZA DOŠKOLOVAVANJE MLADIH POLJOPRIVREDNIKA BORKA VUČIĆ",17246739,454,5814,2012-02-10
"FONDACIJA ZA OTVORENO DRUŠTVO",17142291,472,5811,2012-02-20
"FOND ZA OČUVANJE TRADICIJE NEGOVANJA TAMBURAŠKE MUZIKE TAMBURICA FEST DERONJE",08911622,4512,9499,2012-02-21
"FOND TURISTIČKI KLASTER MIKROREGIJE SUBOTICA-PALIĆ",08890544,4675,7022,2012-02-23
"FOND SVETOZAR MARKOVIĆ",17556193,472,9499,2012-02-23
"ZADUŽBINA MOMČILO MOMO KAPOR",17797999,333,9499,2012-02-23
"FONDACIJA BRAĆA JORGA",28825293,415,5590,2012-02-27
"FOND MOMO KAPOR",17792253,472,9499,2012-02-27
"FONDACIJA ARANĐELOVAČKE GIMNAZIJE ARANĐELOVAC",28825307,128,9499,2012-02-28
"FONDACIJA ZA HUMANITARNU POMOĆ SOCIJALNA PRAVDA",08870543,4512,9321,2012-02-28
"FONDACIJA KOSARA BOKŠAN I PETAR OMČIKUS",28825315,472,5819,2012-02-29
"FONDACIJA BORJANA S ĐURIĆ",28825331,3686,9499,2012-03-01
"SHARE FONDACIJA",28825323,472,8559,2012-03-01
"FONDACIJA BEOGRADSKE FILHARMONIJE",17566113,472,9499,2012-03-01
"FONDACIJA HUMANO SRCE ŠAPCA",17766821,4245,9499,2012-03-01
"FONDACIJA BIOS FOND",17682687,2494,7220,2012-03-05
"FOND RADOJE DOMANOVIĆ",17646028,472,9499,2012-03-05
"THE IWANO PROJECT FOUNDATION",08926298,4512,9499,2012-03-06
"GRUBB FONDACIJA",17737643,358,9499,2012-03-06
"FOND ZA RAZVOJ I PROMOCIJU KULTURNO-ISTORIJSKIH DOBARA IZ OBLASTI SPORTA I OLIMPIZMA",17741721,454,9499,2012-03-06
"FOND SOLIDARNOSTI ZA PREVENCIJU RADNE INVALIDNOSTI I REKREATIVNI ODMOR RADNIKA SINDIKATA ZAPOSLENIH U KOMUNALNO STAMBENOJ DELATNOSTI NOVOG SADA",08824355,4512,9499,2012-03-07
"NEPROFITNA ORGANIZACIJA ZA STIPENDIRANJE STUDENATA I PODRŠKU U NAUČNO ISTRAŽIVAČKIM AKTIVNOSTIMA FONDACIJA PEKSIM",17801635,480,9499,2012-03-07
"FONDACIJA ZA UNAPREĐENJE DEMOKRATIJE LJUBA DAVIDOVIĆ",07565232,472,7220,2012-03-08
"FONDACIJA KUĆA SLAVNIH SRPSKOG SPORTA",28825501,472,7311,2012-03-08
"BALKANKULT FONDACIJA INTEREG",28825510,4426,5811,2012-03-08
"FONDACIJA MALI PRINC",08732124,4512,5819,2012-03-09
"ZADUŽBINA MIHAILA I SARE ARSENIJEVIĆ HRISANTE I ANDRE PURIĆ",28825340,472,9499,2012-03-09
"ZADUŽBINA ALEKSA KRSMANOVIĆ",28825358,472,9499,2012-03-09
"ZADUŽBINA RIHARDA FRELIHA",28825366,472,9499,2012-03-09
"ZADUŽBINA SRETENA ALEKSIĆA I ŽENE MU ZORKE",28825374,472,9499,2012-03-09
"ZADUŽBINA RISTE KRSTIĆA",28825382,472,9499,2012-03-09
"ZADUŽBINA LAZARA STOJADINOVIĆA, VIŠEG KONTROLORA POŠTE I TELEGRAFA I ŽENE ANKE",28825404,1131,5510,2012-03-09
"FONDACIJA RADOMIR D LUKIĆ",17642537,452,9499,2012-03-09
"ZADUŽBINA PETRA ŠLJIVIĆA",28825412,472,9499,2012-03-09
"ZADUŽBINA ZAJEDNICA BRATSTVA MILOJA I MIHAJLA D. VASIĆA",28825439,472,9499,2012-03-09
"ZADUŽBINA STEVANA KORAĆA",28825447,472,9499,2012-03-09
"ZADUŽBINA JOVANČE I ŽENE MU PERSIDE TRIFUNOVIĆ IZ KRAGUJEVCA",28825455,472,9499,2012-03-09
"ZADUŽBINA LEPOSAVE I DRAGUTINA TODIĆA",28825463,472,9499,2012-03-09
"ZADUŽBINA LJUBOMIRA JEFTOVIĆA",28825480,472,9499,2012-03-09
"ZADUŽBINA NAUMOVIĆ DIMITRIJA, KASANDŽIJE IZ BEOGRADA ŽENE MU ANKE I SINA VASE",28825498,472,9499,2012-03-09
"ZADUŽBINA AGNIJE I MIHAILA SREĆKOVIĆA ĐENERALA",28825471,452,9499,2012-03-09
"FOND RADIVOJ B VASOVIĆ VIŠI PRAVNI SAVETNIK I NJEGOVA PORODICA",17802097,452,9499,2012-03-09
"SRPSKO PRIVREDNO DRUŠTVO FONDACIJA PRIVREDNIK",08553106,4512,9499,2012-03-12
"FONDACIJA MESEČINA",08902593,4675,8559,2012-03-12
"FOND PRINCEZA OLIVERA",17723847,415,5811,2012-03-12
"FONDACIJA LAZA KOSTIĆ",17786512,4512,9499,2012-03-12
"FONDACIJA DECI NA DAR NOVI SAD",08917256,4512,8552,2012-03-13
"FONDACIJA ZA DECU SRBIJE BORIVOJ VUJIĆ",17788019,415,9102,2012-03-13
"OPŠTEKORISNA FRANJEVAČKA FONDACIJA POVERELLO",08822581,4676,9499,2012-03-14
"FONDACIJA NIKOLE CVETKOVIĆA",28825536,349,9499,2012-03-14
"FONDACIJA THE STATE EXIT",08917922,4512,7990,2012-03-14
"FONDACIJA EKONOMSKOG FAKULTETA U BEOGRADU",17517112,454,9499,2012-03-15
"ZADUŽBINA KRALJA PETRA I KARAĐORĐEVIĆA",07258658,3802,1102,2012-03-16
"FONDACIJA METALAC",17657259,1220,6499,2012-03-16
"FOND BILJANA KOVAČEVIĆ VUČO",17796950,415,9499,2012-03-16
"FOND ILIJA & MANGELOS",08882681,4512,9499,2012-03-19
"FONDACIJA EVROPA",08895643,4512,5814,2012-03-19
"FOND PROF DR ŽIVOJIN SUDAROV",17590529,454,5814,2012-03-19
"FONDACIJA FOND B92",17539744,333,5913,2012-03-20
"FONDACIJA MILAN ĐOKOVIĆ",17575830,472,4761,2012-03-20
"FONDACIJA MILEVA I JAKŠA BOŽIĆ",17784498,1785,9499,2012-03-20
"FOND JUG GRIZELJ",07792646,349,9499,2012-03-21
"FONDACIJA ZA ISTRAŽIVANJE VIDA VIDAR",08801347,4512,5811,2012-03-21
"FONDACIJA PODRUMI TELEČKE VISORAVNI",08867372,4481,9103,2012-03-21
"FOND FOOTBALL FRIENDS ZA UNAPREĐENJE SPORTSKOG OBRAZOVANJA KROZ FUDBAL",17680102,333,7022,2012-03-21
"FONDACIJA ZA RAZVOJ EKONOMSKE NAUKE",17609688,454,7220,2012-03-21
"FONDACIJA SAVREMENA DECA",17743317,333,9499,2012-03-21
"FONDACIJA  PROFESOR DR MIRKO VASILJEVIĆ",17789104,452,9499,2012-03-21
"EKOLOŠKA FONDACIJA STARI BEGEJ CARSKA BARA",08896615,4400,8219,2012-03-23
"FONDACIJA ZA RAZVOJ PARLAMENTA",17308726,415,9499,2012-03-23
"HANNES SIEDEL FONDACIJA",28900180,332,8299,2012-03-26
"FONDACIJA MIODRAG JOVIČIĆ",17672860,415,9499,2012-03-26
"FONDACIJA CENTAR ZA DEMOKRATIJU",17051008,454,9499,2012-03-26
"FONDACIJA ZADUŽBINA SVETOG MANASTIRA HILANDARA",17462466,454,5811,2012-03-26
"NACIONALNA FONDACIJA ZA HUMANU STAROST DR LAZA LAZAREVIĆ",17482815,472,9499,2012-03-26
"FONDACIJA PROFESORA MIRKA MILIĆA",17569988,452,9499,2012-03-26
"FONDACIJA ZA REŠAVANJE STAMBENIH POTREBA MLADIH NASTAVNIH I NAUČNIH RADNIKA I UMETNIKA-UNIVERZITET U NOVOM SADU",08701334,4512,9499,2012-03-27
"FONDACIJA GIMNAZIJE PIROT",17721615,3017,5814,2012-03-27
"FONDACIJA BRTKA KRESOJA",08926590,4513,5819,2012-03-27
"FOND ZA KLINIČKI TRETMAN I LEČEWE HIV OM INFICIRANIH I OBOLELIH OD AIDS A",17091441,454,9499,2012-03-27
"FONDACIJA NOVAK ĐOKOVIĆ",17702041,415,5814,2012-03-27
"FOND RADMILA MILENTIJEVIĆ",17791150,472,9499,2012-03-27
"FOND UNITAS FOND",17800671,415,1085,2012-03-27
"CENTAR ZA MEĐUNARODNE I BEZBEDNOSNE POSLOVE ISAC",17641123,472,8560,2012-03-28
"FOND ORGANSKA SRBIJA",17692780,2630,9499,2012-03-28
"FONDACIJA FOND ECOTOPIA",17743457,472,9499,2012-03-28
"NACIONALNA FONDACIJA ZA UMETNIČKU IGRU",17785893,472,9002,2012-03-28
"FONDACIJA ZA STUDIJE NAUKA I UMETNOSTI",17154150,472,9499,2012-03-29
"FONDACIJA DRAGOSLAV SREJOVIĆ ZA KAPITALNE NAUČNE I UMETNIČKE PROJEKTE AKADEMIJE",17159461,472,9499,2012-03-29
"ZADUŽBINA ĐOKE VLAJKOVIĆA",17247778,472,9499,2012-03-29
"ZADUŽBINA DRAGOLJUBA MARINKOVIĆA",17247816,472,9499,2012-03-29
"ZADUŽBINA MILIVOJA JOVANOVIĆA I LUKE ĆELOVIĆA",17247760,472,9499,2012-03-29
"MEĐUNARODNI HRIŠĆANSKI FOND DESNICE SVETOG JOVANA KRSTITELJA",17757733,352,9499,2012-03-29
"FONDACIJA SV KIRILO I METODIJE",17671693,358,9499,2012-03-30
"ZADUŽBINA GAŠIĆ DR ŽIVANA",17247751,472,9499,2012-03-30
"ZADUŽBINA VESELINA LUČIĆA",17247786,472,9499,2012-03-30
"ZADUŽBINA SVETOZARA VIDAKOVIĆA I ŽENE MAGDALENE",17247808,472,9499,2012-03-30
"ZADUŽBINA LJUBICE M ZDRAVKOVIĆ",17247719,472,9499,2012-03-30
"ZADUŽBINA VLAJKA KALENIĆA",17247697,472,9499,2012-03-30
"MEDICAL IN FOND FONDACIJA ZA ZDRAVSTVENU KULTURU I LEČENJE",08883742,4412,6499,2012-04-02
"FONDACIJA STANKOM",17074091,480,9499,2012-04-02
"ZADUŽBINA GLIŠE I MARIJE RAKIĆ IZ ZEMUNA",17247735,472,9499,2012-04-02
"ZADUŽBINA LUKE ĆELOVIĆA TREBINJCA",17247743,472,9499,2012-04-02
"FONDACIJA FK CRVENA ZVEZDA",17753096,454,9499,2012-04-02
"ZADUŽBINA RADE I MILANA VUKIĆEVIĆA",17247727,472,9499,2012-04-02
"BEOGRADSKI FOND ZA POLITIČKU IZUZETNOST",17514946,454,8559,2012-04-03
"ZADUŽBINA BRANKA ĆOPIĆA",07459866,472,9499,2012-04-04
"FONDACIJA ZA STIPENDIRANJE I PODSTICANJE NAPREDOVANJA NAJBOLJIH STUDENATA, MLADIH NAUČNIH RADNIKA I UMETNIKA UNIVERZITETA U KRAGUJEVCU",17629271,1785,9499,2012-04-04
"TRAG FONDACIJA",17522663,333,7490,2012-04-04
"FONDACIJA ZA REŠAVANJE STAMBENIH POTREBA NASTAVNOM, NAUČNOISTRAŽIVAČKOM I UMETNIČKOM KADRU UNIVERZITETA U KRAGUJEVCU",17629280,1785,9499,2012-04-04
"FOND USPEŠNI USPEŠNIMA",17777203,3096,9499,2012-04-04
"FONDACIJA AKADEMIK RADOSLAV K ANĐUS",17694332,472,9499,2012-04-05
"FOND ZA RAZVOJ SPORTA I FIZIČKE KULTURE VEBA",17457195,452,9311,2012-04-05
"FONDACIJA MARKO TODOROVIĆ",17545515,2920,9499,2012-04-05
"FONDACIJA ZA RECIKLAŽU LIMENKI ZA PIĆE RECAN",17600320,358,9499,2012-04-05
"FONDACIJA SRBIJE ZA VAŠE SRCE",17642545,332,7211,2012-04-06
"FONDACIJA PRO SCIENTIA NATURAE SENTA",08898502,4592,7490,2012-04-06
"BALKAN FOND NOVI SAD ZA RAZVOJ I PRIMENU NAUKE EKOLOGIJE I RAVNOMERAN REGIONALNI RAZVOJ",08900264,4512,6499,2012-04-06
"ZADUŽBINA IGOR I ANDREA KOSTIĆ",17537733,358,9499,2012-04-06
"FONDACIJA PARAOLIMPIJSKOG KOMITETA SRBIJE",17698222,472,9499,2012-04-06
"FONDACIJA PROF DR BRANISLAV LAZAREVIĆ",17757784,332,9499,2012-04-06
"BALKAN TRUST FOR DEMOCRACY-PREDSTAVNIŠTVO MARSHALL FONDA SJEDINJENIH AMERIČKIH DRŽAVA",17699920,472,8299,2012-04-06
"FONDACIJA JELENA ŠANTIĆ",17638904,454,9499,2012-04-09
"FONDACIJA GF ETNOS",08912459,4687,9499,2012-04-10
"FONDACIJA MUZEJA SAVREMENE UMETNOSTI",17701924,415,9003,2012-04-10
"FOND TRANSCONFLICT SERBIA",17737538,472,9499,2012-04-10
"FONDACIJA ZA EDUKACIJU I POMOĆ NOVINARIMA I MEDIJIMA NUNS",17750771,333,9499,2012-04-10
"FOND ĐORĐE ZEČEVIĆ ZA ZAŠTITU I UNAPREĐENJE ĆIRILIČNOG PISMA",28825544,472,9499,2012-04-11
"FOND NIKOLE TRAJKOVIĆA",28825552,472,9499,2012-04-11
"FONDACIJA FILIPUS NOVI SAD",28825579,4512,8899,2012-04-11
"FONDACIJA ZA POMOĆ VREDNIM I TALENTOVANIM STUDENTIMA JELENA MATIĆ",08894299,4512,9499,2012-04-11
"FONDACIJA OSMEH NA DAR",17747096,452,9499,2012-04-12
"FOND PRESTOLONASLEDNIKA ALEKSANDRA ZA KULTURU I OBRAZOVANJE",17672363,454,4778,2012-04-17
"FONDACIJA JUGOSLOVENSKOG DRAMSKOG POZORIŠTA",28825587,454,9001,2012-04-17
"FONDACIJA ZA ISTRAŽIVANJA ZASNOVANA NA DUHOVNOJ NAUCI",28825595,415,4791,2012-04-18
"FOND KRALJEVSKI DVOR",17347128,454,4778,2012-04-18
"VOJVOĐANSKA FONDACIJA ZA RAZVOJ HALO",08901716,4675,7022,2012-04-19
"FOND ZA RAZVOJ OSIGURANJA",08891923,4512,9499,2012-04-20
"ZADUŽBINA SIME ANDREJEVIĆA IGUMANOVA",17078089,472,9499,2012-04-20
"FONDACIJA TEMPUS",17418491,349,9499,2012-04-20
"MULTINACIONALNI FOND KULTURE",17420305,452,5814,2012-04-20
"FONDACIJA ZA RAZVOJ DOMAĆINSTVA",08876894,4512,5819,2012-04-23
"FONDACIJA ZA ZAŠTITU ZAVIČAJNOG NASLEĐA PODUNAVSKIH ŠVABA ZAVIČAJNA KUĆA",08918082,4650,9499,2012-04-23
"FONDACIJA MILOŠ S MAKSIMOVIĆ U KRAGUJEVCU",17477994,1785,9499,2012-04-23
"FONDACIJA ZA POMOĆ U LEČENJU DAFINA ANASTASOVA",08905860,4512,9499,2012-04-24
"FONDACIJA CASTELLUM",08922942,4504,9499,2012-04-24
"ZADUŽBINA ĐURĐA DANICE I JOVANKE JELENIĆ",17168851,452,5814,2012-04-24
"FONDACIJA DR VILIJAM",17600796,480,6820,2012-04-24
"FONDACIJA GORAN LJUBIJANKIĆ",17522353,332,9499,2012-04-24
"FOND ZAPOSLENIH SRBIJA",17698818,333,9499,2012-04-24
"JEVREJSKA HUMANITARNA FONDACIJA CEDAKA",17799711,472,9499,2012-04-24
"FOND INVOCATIO",17799894,452,9499,2012-04-24
"HUMANITARNA FONDACIJA ZA DEČJE SRCE",06314724,415,9499,2012-04-25
"FONDACIJA BABKA KOVAČICA",08861439,4459,9499,2012-04-25
"ZADUŽBINA PROTE ĐORĐA ĐORĐEVIĆA TOPOLA",28825609,1785,5814,2012-04-25
"FONDACIJA ZA ZAŠTITU PTICA GRABLJIVICA",17281097,452,9104,2012-04-25
"FONDACIJA ST MICHAEL S",17756125,454,7810,2012-04-25
"VAZDUHOPLOVNA FONDACIJA PILOT MIHAILO PETROVIĆ",17789724,453,9499,2012-04-25
"FOND ROMSKI SAN TEATAR",08848530,4417,5814,2012-04-26
"FOND LJILJA I MILKA MIJATOV",08882886,4395,5814,2012-04-26
"FONDACIJA ZADUŽBINA DOSITEJ OBRADOVIĆ",17587935,472,5811,2012-04-26
"FONDACIJA ZA REŠAVANJE STAMBENIH POTREBA MLADIH NAUČNIH RADNIKA I UMETNIKA UNIVERZITETA U NIŠU",17269682,6165,6810,2012-04-26
"FONDACIJA SAVA JEREMIĆ POSLON",17714104,3378,5814,2012-04-26
"FONDACIJA EKO ETNO MUZEJ ŠLOS U GOLUBINCIMA",08867445,4653,5814,2012-04-27
"FONDACIJA ZA EKOLOŠKE AKCIJE ZELENI GREEN LIMES",17135473,4656,5520,2012-04-27
"FONDACIJA PANONIJA",08851026,4675,6020,2012-04-30
"ZADUŽBINA PAJE M VASILJEVIĆA TOPOLA",28825617,1785,3299,2012-04-30
"FOND ZORE I DR VELIBORA POPOVIĆA",28825625,472,9499,2012-04-30
"CENTAR ZA ISTRAŽIVAČKO NOVINARSTVO FONDACIJA",28825633,333,5814,2012-04-30
"FONDACIJA ZA REŠAVANJE STAMBENIH POTREBA MLADIH NAUČNIH RADNIKA UNIVERZITETA U BEOGRADU",17130056,472,6820,2012-04-30
"FONDACIJA DEJAN BODIROGA",17790854,452,8551,2012-04-30
"SZEKERES LASLO ALAPITVANY FONDACIJA LASLO SEKEREŠ",08797951,4675,9499,2012-05-04
"ZADUŽBINA PREDRAG PEĐA TOMANOVIĆ",08680809,4512,9499,2012-05-07
"FOND DRAGAN ŠKRBIĆ 7+",17658972,415,9499,2012-05-08
"MAGYAR HAZ ALAPITVANY FONDACIJA DOM MAĐARA FONDACIJA DOM MAĐARA",08855404,4675,9499,2012-05-09
"RAZVOJNI FOND ZA MLADE RFM",08876690,4512,9499,2012-05-09
"FOND FUTURA",06425283,480,7220,2012-05-09
"FONDACIJA 021 NOVI SAD",08914443,4512,9499,2012-05-09
"ZADUŽBINA DR JELISAVETA I DR IVAN ŠEGOVIĆ",17647881,349,9499,2012-05-10
"FONDACIJA SESTRE BULAJIĆ",17674803,472,9499,2012-05-10
"FONDACIJA MR PH LJUBICA VOJTEH DRAGIĆEVIĆ I ING OECC NIKOLA DRAGIĆEVIĆ",17674811,472,9499,2012-05-10
"FONDACIJA MILANA STEFANOVIĆA SMEDEREVCA I SUPRUGE DARINKE",17609238,472,9499,2012-05-10
"FOND DECA DECI",17701525,472,8552,2012-05-10
"FOND ALEKSANDAR SAŠA AVRAMOVIĆ",17723260,120,9499,2012-05-10
"FOND BESERMENJI",08926107,4643,9499,2012-05-11
"FOND NJENO KRALJEVSKO VISOČANSTVO PRINCEZA KATARINA",17347136,454,4778,2012-05-11
"FONDACIJA EXIT",17746898,4512,7990,2012-05-11
"FOND BRANISLAVE BRANE BELIĆ PROFESORA ENGLESKOG JEZIKA I KNJIŽEVNOSTI",28825641,472,9499,2012-05-14
"FONDACIJA ZORAN RADMILOVIĆ ZAJEČAR",06872581,1436,9499,2012-05-15
"FONDACIJA SORVANJ",08820732,4395,9499,2012-05-16
"NAGRADNI FOND SEKULE ZEČEVIĆA",28825650,472,9499,2012-05-16
"FONDACIJA ETNO ARHEOLOŠKO DRUŠTVO DONJA BRANJEVINA DERONJE IZ DERONJA",08887276,4527,9499,2012-05-16
"FOND OLGE OLJE IVANJICKI",17676890,472,9499,2012-05-17
"FONDACIJA DUŠAN PAVLOVIĆ",28825668,332,9499,2012-05-17
"FOND SVETI NIKOLA",17785788,358,9499,2012-05-17
"BEOGRADSKA ESPERANTO FONDACIJA SAVEZ ESPERANTISTA BEOGRAD",28825676,472,5814,2012-05-18
"FOND MONDO D ARTE SVET UMETNOSTI",08893535,4513,9003,2012-05-18
"FONDACIJA HRVATSKI DOKUMENTACIJSKO ISTRAŽIVAČKI CENTAR SUBOTICA",08894132,4675,9499,2012-05-18
"IZDAVAČKA FONDACIJA SRPSKE PRAVOSLAVNE CRKVE ARHIEPISKOPIJE BEOGRADSKO KARLOVAČKE",17152742,472,9499,2012-05-18
"FOND PETNICA ZA RAZVOJ NAUČNOG OBRAZOVANJA",17525433,772,9499,2012-05-18
"FOND SOLIDARNOSTI NIŠ",17557742,6165,9499,2012-05-18
"HUMANITARNA FONDACIJA BUDIMIR BOŠKO KOSTIĆ",17702831,415,9499,2012-05-18
"ZADUŽBINA IVE ANDIĆA",07065817,472,9499,2012-05-21
"FOND ASOCIJACIJA ZADUŽBINA FONDACIJA I FONDOVA REPUBLIKE SRBIJE",17646648,349,9499,2012-05-21
"FONDACIJA NARODNE BIBLIOTEKE SRBIJE",28825684,333,5814,2012-05-21
"FONDACIJA OBALA",17802089,472,9003,2012-05-21
"FONDACIJA CENTAR ZA MLADE TALENTE",28825692,4512,5814,2012-05-22
"FONDACIJA SVETLOST BALKANA",17637436,333,9499,2012-05-24
"FONDACIJA DEJAN MANČIĆ",17272047,6166,9499,2012-05-24
"FOND RADOJE TATIĆ",17487213,472,9499,2012-05-24
"FONDACIJA STAKA PROPADOVIĆ",17710397,4195,9499,2012-05-24
"FONDACIJA VUJIČIĆ KOLEKCIJA",17791656,415,5811,2012-05-24
"KARIĆ FONDACIJA",06015476,472,5811,2012-05-25
"FOND MIĆANOVIĆ PRI GIMNAZIJI VUK KARADŽIĆ",17618962,2379,9499,2012-05-25
"FONDACIJA DR ŠPIRO MATIJEVIĆ NOVI SAD",08872937,4512,6630,2012-05-28
"FONDACIJA DR KONSTANTIN OBRADOVIĆ ZA MIR I RAZVOJ DEMOKRATIJE",28825722,472,9499,2012-05-28
"ALUMNI FONDACIJA MAŠINSKOG FAKULTETA",17643118,452,7112,2012-05-28
"FOND MIHAILA RADONJIĆA I ŽENE MU DRAGE DECE RADOJA I JELICE",17731033,1785,9499,2012-05-28
"FONDACIJA KOSTE MIGRIĆA",17609254,472,9499,2012-05-29
"FONDACIJA ZA ŠKOLOVANJE TALENTOVANIH UČENIKA KLASIČNE GIMNAZIJE U BEOGRADU",17658654,454,5811,2012-05-30
"FONDACIJA VALJEVSKE GIMNAZIJE",17526391,772,9499,2012-05-31
"FOND TURISTIČKI KLASTER SREM",08899592,4586,6499,2012-06-04
"FONDACIJA ARH IVANKA TERZIN",17489879,452,9499,2012-06-05
"FONDACIJA SRPSKE PRAVOSLAVNE VELIKE GIMNAZIJE",08660930,4512,9499,2012-06-06
"FONDACIJA PAJEVIĆA",08660948,4512,9499,2012-06-06
"FONDACIJA OSMTH",28825757,472,9499,2012-06-06
"EXPAT FOND",17570951,333,9499,2012-06-06
"FONDACIJA NOVI DOBROTVORI UNIVERZITETA U BEGRADU",17609190,472,9499,2012-06-06
"FONDACIJA OLGE I MIODRAGA L PANIĆA",17609220,472,9499,2012-06-06
"FONDACIJA FOND ZA RAZVOJ KOMUNIKACIJA",08886466,4512,9003,2012-06-07
"FONDACIJA ZA PREVENCIJU BOLESTI I JAČANJE ZDRAVLJA BVS VISION",28825765,349,6312,2012-06-07
"VEDUS FONDACIJA",17719246,472,4791,2012-06-07
"FONDACIJA MIROSLAVA MIRKA SIMIĆA",28825773,454,9499,2012-06-08
"FONDACIJA DOBAR GLAS",17786288,472,9499,2012-06-08
"FONDACIJA MOKRANJČEVA ZADUŽBINA",17640348,472,9499,2012-06-12
"FONDACIJA SOS DEČIJA SELA SRBIJA",28825790,349,8790,2012-06-12
"FONDACIJA ZA NEGOVANJE TRADICIJE FK CRVENA ZVEZDA I RAZVOJA SPORTSKOG SOCIJALNOG I ZDRAVSTVENOG PROGRAMA",28825803,454,9499,2012-06-12
"FONDACIJA MARGERITE ARNAUTOVIĆ",17375024,472,9499,2012-06-12
"HUMANITARNA ZADUŽBINA SVETI ANDREJ PRVOZVANI",06762972,454,8899,2012-06-13
"FONDACIJA ALEKSANDRA ARNAUTOVIĆA"",17240056,452,9499,2012-06-13
"FONDACIJA ZA LEPŠU BUDUĆNOST JOVO V LOJANICA",28825781,349,7022,2012-06-18
"FONDACIJA ZA RAZVOJ I OČUVANJE MAKEDONSKE KULTURE MAKEDONSKO SUNCE",08900078,4675,9003,2012-06-18
"FONDACIJA KRUG",17798219,454,9499,2012-06-18
"FONDACIJA EVROPA",08856605,4512,9499,2012-06-19
"FOND IZVOR-FORRAS ALAP",08882959,4619,9499,2012-06-19
"ZADUŽBINA DESANKA MAKSIMOVIĆ",06693857,333,5811,2012-06-22
"FONDACIJA ĐORĐE VAJFERT",17752111,472,9499,2012-06-22
"FILMSKI FOND SRBIJE",17786903,454,7490,2012-06-22
"FONDACIJA EMPATIJA",28825838,472,5814,2012-06-25
"FONDACIJA ALEKSANDAR NEVSKI",17787632,472,9499,2012-07-03
"ZADUŽBINA ZDRAVKO V GOJKOVIĆ",17675800,333,9499,2012-07-04
"FONDACIJA SOCIJALNA PRAVDA",28825846,472,5814,2012-07-06
"ZADUŽBINA DRAGUTINA I KATICE ĐUKANOVIĆ",17169530,454,9499,2012-07-09
"ZADUŽBINA DR STEVE MILOSAVLJEVIĆA PRVOG SRPSKOG NAČELNIKA SANITETA",17161695,472,9499,2012-07-11
"FONDACIJA RUŽICA S OVCIN",28825854,454,5814,2012-07-11
"ZADUŽBINA NIKOLAJ TIMČENKO",17637312,2288,9499,2012-07-12
"DŽUDO FOND SRBIJE I CRNE GORE",17131222,454,9499,2012-07-12
"FONDACIJA ALEKSANDRA ARNAUTOVIĆA ZA NAUKU O SRPSKOJ KNJIŽEVNOSTI",17456873,472,9499,2012-07-12
"FOND EUROBALKANS",17602047,454,6311,2012-07-13
"FONDACIJA ZA ORGANIZOVANO SAKUPLJANJE I RECIKLAŽU ISTROŠENIH BATERIJA I AKUMULATORA GALENIT",17708678,472,9499,2012-08-01
"FONDACIJA FAMILIJE STEVANOVIĆ",17520318,333,9499,2012-08-01
"FONDACIJA MARIJA JOVANOVIĆ DETE STARI LEDINCI",28825862,4516,9499,2012-08-07
"HUMANITARNA FONDACIJA SPAS",17406361,4409,9499,2012-08-07
"ZADUŽBINA JOVANA TRANDAFILA",28825889,4512,9499,2012-08-09
"ZADUŽBINA DR MILOŠA BOKŠANA",28825897,4512,9499,2012-08-09
"ZADUŽBINA BOGDANA DUNĐERSKOG",28825919,4512,9499,2012-08-09
"ZADUŽBINA MARIJE TRANDAFIL",28825927,4512,9499,2012-08-09
"ZADUŽBINA VELIMIRA I SINA MU DUŠANA BUGARSKOG",28825943,4512,9499,2012-08-09
"FONDACIJA ŠTRAUS",28825960,349,5814,2012-08-09
"ZADUŽBINA M I D MIHAJLOVIĆ 1952",17467581,3705,9499,2012-08-09
"ZADUŽBINA LJUBOMIRA DANICE I VLADANA LOTIĆA",28825935,4512,9499,2012-08-10
"ZADUŽBINA MILOŠA DIMITRIJEVIĆA I ŽENE MU MARIJE GAVANSKI",28825951,4512,9499,2012-08-10
"FONDACIJA ZA ZAŠTITU KANALA",28825978,453,9499,2012-08-21
"ZADUŽBINA ANDREJEVIĆ",17072358,349,9499,2012-08-23
"FONDACIJA MILICA KIĆANOVIĆ",17665723,772,9499,2012-08-29
"FOND ZA LOKALNO UNAPREĐENJE I DEMOKRATIJU",08892369,4512,8559,2012-08-29
"FONDACIJA ZA REHABILITACIJU RATNIH VOJNIH INVALIDA SVETI DIMITRIJE",17147749,454,9499,2012-09-13
"INICIJATIVE FONDACIJA",17781944,3348,7490,2012-09-14
"FONDACIJA LEGAT SVETOZARA PETROVIĆA",28826001,4512,9003,2012-09-17
"FONDACIJA MARIJE UDOVE JOVANA MARKOVIĆA",28826010,472,9499,2012-09-17
"FONDACIJA MANDIĆEVA OSNIVAČA TODORA I PERSIDE MANDIĆ",28826028,472,9499,2012-09-17
"FONDACIJA ZA DUHOVNI KULTURNI I MORALNI PREPOROD RTANJ DOBRE NADE RTANJ",28826036,587,9499,2012-09-19
"ČOVEKOLJUBLJE DOBROTVORNA FONDACIJA SRPSKE PRAVOSLAVNE CRKVE",17065203,472,8559,2012-09-19
"FONDACIJA DEKI",28826052,415,9499,2012-09-26
"FONDACIJA ALEKSANDAR SAŠA PETROVIĆ",28826079,454,5811,2012-10-22
"FONDACIJA NOMADIK",28826095,4512,5811,2012-11-02
"FONDACIJA BEOGRADSKI RUSI",28826109,472,9499,2012-11-02
"FONDACIJA NAŠA DECA",28826117,333,4690,2012-11-15
"FONDACIJA BIOBALKAN",28826125,1315,8559,2012-11-15
"ZADUŽBINA SVETI OTAC JUSTIN ĆELIJSKI",17552279,772,5814,2012-11-15
"ZADUŽBINA LJUBOMIRA M LEŠJANINA I ŽENE MU DARINKE LEŠJANIN",28826133,3348,9499,2012-11-22
"FONDACIJA VETRENJAČA IZ SIVCA",28826141,4480,5814,2012-11-27
"STIFTUNG SCHULER HELFEN LEBEN-PREDSTAVNIŠTVO U BEOGRADU",28880057,472,8299,2012-11-29
"FONDACIJA FOND SLOBODAN JOVANOVIĆ",17740989,472,9499,2012-12-04
"FONDACIJA ZA RAZVOJ I HUMANIZAM",28826150,6165,5814,2012-12-05
"FONDACIJA BOLJAI FARKAŠ ZA TALENTE KOJI SE OBRAZUJU NA MAĐARSKOM JEZIKU SENTA",08850372,4592,9499,2012-12-10
"EVROPSKI FORUM ZA ISTORIJU I KULTURU",28880065,1197,8299,2012-12-14
"FOND PROF DR ILIJA ROSIĆ",08896828,4512,9499,2012-12-18
"FOND RADNIČKA SOLIDARNOST NAFTAGAS PROMET NOVI SAD",08739030,4512,9499,2012-12-21
"FONDACIJA DOCENT DR MILENA DALMACIJA",28826168,4518,9499,2012-12-25
"ZADUŽBINA MILOŠA CRNJANSKOG",07081600,472,5811,2012-12-28
"FONDACIJA SOLIDARNOSTI DRUŠTVA MERCATOR S DOO NOVI SAD",28826176,4512,9499,2013-01-03
"BLIC FONDACIJA",28826184,472,9499,2013-01-03
"ARETE FONDACIJA ZA PROMOCIJU LJUDSKE IZVRSNOSTI",28826192,358,5811,2013-01-04
"FONDACIJA ZORICA I ALEKSANDAR DESPIĆ",28826206,472,9499,2013-01-16
"ZADUŽBINA "MEDJEŠI-DAKU"",28826214,4306,5520,2013-01-17
"FONDACIJA BIODINAMIKA",28826222,908,0150,2013-01-18
"PROSVETNA FONDACIJA SRPSKE PRAVOSLAVNE CRKVE",28826249,472,9499,2013-01-22
"FONDACIJA DR DRAGINJA SPASOVIC I STRAJIN MILETE VASOVIĆ",17290924,472,9499,2013-01-25
"FONDACIJA DRAGICA NIKOLIĆ",28826257,415,9499,2013-01-25
"FONDACIJA MISIJA ODGOVORNIH ZA BUDUĆNOST",28826265,358,9499,2013-02-05
"FONDACIJA ZA ZAŠTITU ŽIVOTINJA U SRBIJI-FAPS",28826273,6167,9499,2013-02-08
"FONDACIJA ŠKRIVANJ-ZA PRUŽANJE HUMANITARNE POMOĆI OSOBAMA SA HRONIČNIM BOLESTIMA, TRANSPLANTIRANIM OSOBAMA I OSOBAMA SA INVALIDITETOM",28826281,4512,8899,2013-02-08
"MBK FONDACIJA ZA ŽIVOTINJE",28826290,472,5814,2013-02-19
"FONDACIJA KARLOVAČKI OKRUGLI STO",28826303,4650,7311,2013-02-19
"FONDACIJA MIKA MUDRIĆ",28826311,1785,8551,2013-03-04
"FONDACIJA DE DEO",28826320,4317,9103,2013-03-13
"FOND ZA RAZVOJ MUZIČKE KREATIVNOSTI MLADIH AMAJLIJA",08881189,4512,9499,2013-03-15
"ZADUŽBINA PLAVŠA",28826338,472,9499,2013-03-25
"ZADUŽBINA ĐOKE STERIJE POPOVIĆA",28826346,472,9499,2013-03-25
"ZADUŽBINA DARINKE KOVAČEVIĆ",28826354,472,9499,2013-03-25
"ZADUŽBINA KOSTE APOSTOLOVIĆA",28826362,472,9499,2013-03-25
"ZADUŽBINA KAMENKA I PAVLA,BRAĆE JOVANOVIĆ,BIVŠIH KNJIŽARA",28826389,472,9499,2013-03-25
"ZADUŽBINA VASE RISTIĆA",28826397,472,9499,2013-03-25
"ZADUŽBINA GAVRILA GAJE ADAMOVIĆA",28826419,472,9499,2013-03-25
"FONDACIJA EVRO ZA ZNANJE",28826427,1719,9499,2013-03-26
"FONDACIJA SRPSKA KRAJINA",28826435,4515,4120,2013-03-29
"ZADUŽBINA MARTE RUŽE DURSA, ROĐ. KNEŽEVIĆ",28826443,472,9499,2013-04-01
"ZADUŽBINA STEVANA SAVIĆA",28826451,472,9499,2013-04-01
"ZADUŽBINA EPISKOPA ŽIČKOG SAVE DEČANCA",28826460,472,9499,2013-04-01
"FONDACIJA POTPORUČNIK BORKO NIKITOVIĆ",17535170,472,9499,2013-04-01
"ZADUŽBINA-ZAKLADA KSENIJE I NJENIH RODITELJA ARONA I MILICE ILIJEVIĆ",28826478,472,9499,2013-04-02
"FONDACIJA ZA OSNIVANJE I RAZVOJ ROMSKIH MEDIJA",28826486,3348,5814,2013-04-02
"ZADZUŽBINA DIMITRIJA PETROVIĆA I MARIJE HARIŠ",28826494,472,9499,2013-04-02
"ZADUŽBINA - ZAKLADA VASE LAZAREVIĆA I NJEGOVE ŽENE MARIJE, ZVANI TEČA I TETANA",28826508,472,9499,2013-04-02
"ZADUŽBINA JOVANA STOJANOVIĆA",28826516,472,9499,2013-04-02
"FONDACIJA ZA IZGRADNJU HRAMA SV.SAVE NA VRAČARU",28826524,472,9499,2013-04-02
"FONDACIJA ZA RAZVOJ ALTERNATIVNOG REŠAVANJA SPOROVA",28826532,472,9499,2013-04-03
"ZADUŽBINA PORODICE KOSTIĆ",28826559,4513,9499,2013-04-12
"FONDACIJA MILORAD MIŠKOVIĆ",28826567,333,7022,2013-04-16
"FONDACIJA NOVI DAN NOVI ŽIVOT",28826575,349,9499,2013-04-17
"FONDACIJA VELIKA ŽENSKA LOŽA SRBIJE",28826583,349,9499,2013-04-19
"ZADUŽBINA S M PETAKOVIĆA",28826591,472,9499,2013-04-19
"FONDACIJA ISKORAK",28826605,1436,4799,2013-04-23
"FONDACIJA ZA MEĐUNARODNU KOMUNIKACIJU",17707230,333,9499,2013-04-30
"FONDACIJA HELENA",28826613,4512,9499,2013-04-30
"FONDACIJA KLASTERA TURISTIČKE MIKROREGIJE GRADA SREMSKA MITROVICA",08911533,4643,7022,2013-05-07
"FONDACIJA MEDIJA CENTAR",28826621,472,5814,2013-05-07
"FONDACIJA EKO FIŠ FARMING",28826630,4512,0322,2013-05-09
"FOND OTO BIHALJI MERIN",17772520,1533,9499,2013-05-09
"FONDACIJA HORIZONT",28826648,2839,9499,2013-05-14
"FONDACIJA NASLEĐE OTACA",28826656,452,9499,2013-05-22
"TESLINA NAUČNA FONDACIJA SRBIJA TESLA SCIENCE FOUNDATION",28826672,358,7219,2013-05-28
"FONDACIJA RADMILO MIĆKO JEVTOVIĆ",28826699,1719,9499,2013-06-05
"GALERIJA HAOS FONDACIJA ZA AFIRMACIJU CRTEŽA",28826702,472,9499,2013-06-06
"FONDACIJA KLUB 1000",28826729,454,5814,2013-06-07
"FONDACIJA PLAVI DUNAV",28826737,4290,9499,2013-06-18
"FONDACIJA ACT FOUNDATION",28826745,4512,9499,2013-06-19
"FONDACIJA ZA PROMOVISANJE NEMAČKE ŠKOLE BEOGRAD",28826753,454,5814,2013-06-25
"FONDACIJA ZA POMOĆ OSOBAMA SA SMETNJAMA U RAZVOJU SARINA FONDACIJA",28826761,4653,8891,2013-07-03
"FOND ZA RAZVOJ FILMA I LEPIH UMETNOSTI ABARID",17639331,472,5911,2013-07-04
"ZADUŽBINA OBRADOVIĆ",28826770,472,9499,2013-07-05
"FONDACIJA ZA RAZVOJ KULTURE I STVARALAŠTVA NUŠIĆ",28826796,472,5630,2013-07-10
"FOND SAVET ZA NOVO MIŠLJENJE COUNCIL FOR NEW THINKING",17679554,472,9499,2013-07-12
"ZADUŽBINA HORVAT SILVESTER",28826800,4438,9499,2013-07-29
"FONDACIJA KATALIST",28826818,452,7490,2013-08-14
"FONDACIJA DEČJI SNOVI",28826826,356,9499,2013-08-14
"FONDACIJA WAGNER ZA POMOĆ TALENTIMA KOJI SE OBRAZUJU NA MAĐARSKOM JEZIKU U TOTOVOM SELU",08888515,4444,9499,2013-08-22
"FONDACIJA MATICA MIRA NOVI SAD",08925526,4512,5811,2013-08-23
"FONDACIJA DELIJE",28826834,454,4719,2013-08-26
"TELEGRAF FONDACIJA",28826842,415,4791,2013-08-29
"FONDACIJA DECA ZA DECU",28826869,1480,9499,2013-09-03
"FONDACIJA DRAGAN KLAIĆ",28826877,415,9499,2013-09-09
"FONDACIJA VOLLEYBALL",28826885,472,9499,2013-09-09
"LINCKIA FONDACIJA",28826893,472,7022,2013-09-09
"FONDACIJA SIME G MANDARINA",28826907,472,9499,2013-09-10
"ZADUŽBINA LEPOSAVE I SUPRUGA JOJ DRAG V TODIĆA BRODARSKOG KAPETANA I BRODOVLASNIKA",28826915,472,9499,2013-09-10
"FONDACIJA ING VIKTOR MACEK NITRA",28826923,4311,9499,2013-09-10
"FONDACIJA MIJO MANDIĆ",08893527,4675,9499,2013-09-19
"ZADUŽBINA PETRA I PERSIDE TODOROVIĆ ROĐ BARAJEVAC PANČEVO",28826931,472,9499,2013-09-26
"FONDACIJA HUMANOSTI VEČERNJIH NOVOSTI",17542966,472,9499,2013-10-02
"FONDACIJA DR LJUBICE ŠKARA VIDOJEVIĆ I DR OBRADA VIDOJEVIĆA",28826940,454,9499,2013-10-04
"FONDACIJA EPISKOPA NIŠKOG NIKANORA RUŽIČIĆA",28826958,472,9499,2013-10-16
"FONDACIJA ART SMART",28826966,4512,5911,2013-10-16
"FONDACIJA STANOJLA I DRAGINJE PETROVIĆ",28826974,472,9499,2013-10-18
"FONDACIJA PIGOZA",28826982,872,9499,2013-10-18
"FONDACIJA MAJA MARŠIĆEVIĆ-TASIĆ",28827008,472,9499,2013-10-30
"FONDACIJA BENNEM KRALJEVO",28827016,1847,6499,2013-10-31
"FONDACIJA PRO PORTA -PRO PORTA ALAPITVANY",28827024,4395,5590,2013-10-31
"MUFTI FONDACIJA",28827032,2839,9499,2013-11-01
"ZADUŽBINA DUŠANA I MILICE ŽIVANOVIĆ",28827059,472,9499,2013-11-01
"FONDACIJA SPINALNI CENTAR MILINKOVIĆ",28827067,472,9499,2013-11-06
"FONDACIJA KORPA SA MIRAZIMA",28827075,4385,4778,2013-11-07
"FONDACIJA ZA POMOĆ PRI LEČENJU MATIČNIM ĆELIJAMA BIO SAVE",28827083,454,9499,2013-11-15
"FONDACIJA OPEROSA",28827091,472,7490,2013-11-18
"ZADUŽBINA LJILJANA I DRAGOSLAV LOVRIĆ",28827105,2379,9499,2013-11-20
"SLAVKO ĆURUVIJA FONDACIJA",28827113,333,7490,2013-11-20
"ZADUŽBINA RODOLJUB NIĆIFOROVIĆ",28827121,480,9499,2013-11-25
"PREDSTAVNIŠTVO FONDA ZA OBRAZOVANJE ROMA",28880073,472,8299,2013-12-03
"PREDSTAVNIŠTVO FONDACIJE KVINNA TILL KVINNA",17746308,472,8299,2013-12-03
"FONDACIJA SVETI ALEKSANDAR NEVSKI ZA OCUVANJE  KULTURNO-ISTORIJSKOG NASLEĐA I OBNOVU SPOMENIKA KULTURE",28827130,333,9499,2013-12-04
"FONDACIJA MLADEN SELAK-MLADI PRONALAZAČ",17796895,472,9499,2013-12-04
"ZADUŽBINA PETAR KOČIĆ BANJA LUKA-BEOGRAD-PREDSTAVNIŠTVO",28880081,472,8299,2013-12-05
"FONDACIJA PANGEA GENESIS",28827148,4282,9499,2013-12-16
"HUMANITARNA FONDACIJA RADIO ROM",28827156,427,9499,2013-12-23
"INSERBIA NETWORK FONDACIJA",28827164,452,5813,2013-12-26
"FONDACIJA PAP FOND ZA MLADE SA POSEBNIM POTREBAMA MIODRAG AZANJAC, MARIJA UDZENIJA I MLADEN PARUN",17692267,480,9499,2013-12-27
"FONDACIJA UMETNIČKO BRATSTVO DUŠA PAORSKA",28827172,4512,9499,2014-01-03
"FONDACIJA SWISSLION",28827199,454,8899,2014-01-08
"FONDACIJA ZA UMETNOST I KULTURU FIONN ZARUBICA",28827202,349,7220,2014-01-16
"FONDACIJA NIŠVILLE",28827229,6167,9499,2014-01-24
"ZADUŽBINA HRVATSKI DOM",28827237,4643,9499,2014-01-30
"FONDACIJA NIKOLIĆ NEUZINSKI",28827245,4512,9499,2014-02-05
"FONDACIJA ZDRAV ŽIVOT",28827253,415,9499,2014-02-06
"FONDACIJA MACURA",28827261,4656,9499,2014-02-06
"STANA LJUBISAVLJEVIC AND JOVAN DJURIC FOUNDATION PREDSTAVNIŠTVO U BEOGRADU",28880090,452,8299,2014-02-12
"FONDACIJA ZA DECU",28827270,3063,9499,2014-02-12
"ZADUŽBINA BRANISLAVA KRSTIĆA",28827296,452,9499,2014-02-20
"FONDACIJA NATALIS",28827318,453,9499,2014-02-24
"FONDACIJA TAKOVO GORNJI MILANOVAC",17610325,1220,9499,2014-02-26
"FONDACIJA PROFESOR VELIMIR PALIĆ",28827326,1785,9499,2014-02-26
"FONDACIJA AKADEMIKA MILORADA BATE MIHAILOVIĆA",28827334,472,9499,2014-02-27
"FONDACIJA PODRŽI ŽIVOT",28827369,452,9002,2014-03-11
"FONDACIJA TANJA PETROVIĆ",28827423,452,9499,2014-03-13
"ZADUŽBINA ALEKSANDRA ŠANDORA PUŠINA",28827377,4675,9499,2014-03-18
"ZADUŽBINA JOVANA RADIĆA",28827385,4675,9499,2014-03-18
"ZADUŽBINA UDOVE MLADENOVIĆ ĐORĐA ROĐ. GRADIĆ JULIJANE",28827393,4675,9499,2014-03-18
"ZADUŽBINA JOVANA OSTOJIĆA I TERAZIJE ROĐ. ZOZUK",28827407,4675,9499,2014-03-18
"ZADUŽBINA ĐENE BRANOVAČKOG I ŽENE MU IDE ROĐ. VUJIĆ",28827415,4592,9499,2014-03-18
"ZADUŽBINA UDOVE JULKE MARIJE TOŠE ALABURIĆ ROĐENE VUKANOV",28827431,4512,9499,2014-03-18
"ZADUŽBINA KONJOVIĆ ŠANDORA I SUPRUGE ROĐ. RADIĆ ANKE IZ NOVOG SADA SRPSKI UČITELJSKI KONVIKT",28827440,4512,9499,2014-03-18
"ZADUŽBINA LUKE MILANKOVIĆA I SESTRE MU MARIJE PETROVIĆ",28827458,4512,9499,2014-03-18
"ZADUŽBINA JELENE I DANICE KONJOVIĆ",28827466,4675,9499,2014-03-18
"ZADUŽBINA VUKANOV",28827474,4512,9499,2014-03-18
"ZADUŽBINA RADOVANOV R. DOKIĆ STANE I POPOVIĆ R. RADOVANOV JELENE",28827482,4343,9499,2014-03-18
"ZADUŽBINA JOVANA I MARIJE TRANDAFIL",28827504,4512,9499,2014-03-18
"ZADUŽBINA ČASNOG KRSTA STEVANA KONJOVIĆA NIKOLINOG",28827512,4343,9499,2014-03-18
"ZADUŽBINA SOFIJE DRAŽIĆ",28827539,4341,9499,2014-03-18
"ZADUŽBINA DIMITRIJA ALEKSIJEVIĆA I SUPRUGE PANIN MARIJE",28827547,4622,9499,2014-03-18
"ZADUŽBINA PAVLA VUJIĆA",28827555,4592,9499,2014-03-18
"ZADUŽBINA MILOŠA SMOLJANOVIĆA",28827563,4592,9499,2014-03-18
"ZADUŽBINA SOČIN MILANA",28827571,4592,9499,2014-03-18
"ZADUŽBINA STIPEDIJSKA ZAKLADA JOVANA JANKOVIĆA BULJOKA U SOMBORU",28827580,4616,9499,2014-03-18
"ZADUŽBINA JOVANA I JELISAVETE JERASOVIĆ IZ SOMBORA",28827598,4616,9499,2014-03-18
"ZADUŽBINA JULIJANE KOSTIĆ ROĐ. PALANAČKI U SOMBORU",28827601,4616,9499,2014-03-18
"FONDACIJA NINA&ANĐELI",28827610,415,9499,2014-03-19
"FONDACIJA ZA SOLIDARNU I SOCIJALNU POMOĆ ALFA PLAM A.D. VRANJE",28827628,1037,9499,2014-03-19
"ZADUŽBINA MIHAJLOVIĆ ROĐ. KOWOVIĆ JULIJANE U SOMBORU",28827636,4616,9499,2014-03-19
"ZADUŽBINA MARIJE PALANAČKI",28827652,4616,9499,2014-03-19
"ZADUŽBINA SRPSKA PRAVOSLAVNA ZAKLADA STEVANA KOWOVIĆA NIKOLINOG IZ SOMBORA",28827679,4616,9499,2014-03-19
"ZADUŽBINA U SPOMEN DUNĐERSKI LAZARU U SRBOBRANU",28827687,4622,9499,2014-03-19
"ZADUŽBINA ZAKLADA IGNJATA DIMITRIJEVIĆA",28827644,4616,9499,2014-03-20
"ZADUŽBINA PETRA I LILE STOJKOVIĆU SOMBORU",28827695,4616,9499,2014-03-20
"FONDACIJA NATAŠA KOVAČEVIĆ",28827709,454,9499,2014-03-24
"FONDACIJA PROPULSION FOND",28827725,472,7311,2014-03-25
"FONDACIJA INSTITUT ZA KREATIVNO PREDUZETNIŠTVO I INOVACIJE",28827717,2920,7490,2014-03-25
"FONDACIJA SVET ZDRAVLJA",28827733,333,4690,2014-03-26
"ZADUŽBINA DAVIDA NIKOLIĆA",28827750,472,9499,2014-03-27
"ZADUŽBINA ZAVEŠTAJ MILICE BARJAKTAREVIĆ ROĐ. PLJAČKO",28827768,4616,9499,2014-03-27
"FONDACIJA SPORTA MLADIH",28827776,454,9499,2014-03-27
"ZEMUNSKA FONDACIJA",28827784,358,9499,2014-03-28
"FONDACIJA NARODNOG MUZEJA U BEOGRADU",28827792,472,9499,2014-04-17
"FONDACIJA BAŠTA SLJEZOVE BOJE",28827806,4569,9499,2014-04-28
"FONDACIJA AKADEMIKA BOGUMILA HRABAKA ZA PUBLIKOVANJE DOKTORSKIH DISERTACIJA",28827814,4512,5811,2014-05-06
"ZGLOBEKS FONDACIJA - FOND ZA RANO OTKRIVANJE I PRAVOVREMENU TERAPIJU ARTRITISA",28827822,452,9499,2014-05-15
"FONDACIJA DEJAN STANKOVIĆ ZA SRBIJU",28827849,454,9499,2014-05-16
"FONDACIJA VIZLORE LABS",28827857,128,9499,2014-05-30
"FONDACIJA ZA MLADE OBRENOVCA",28827865,434,7490,2014-06-02
"FONDACIJA PAZOVA ZA NAJUGROŽENIJE",28827881,4657,9499,2014-06-05
"HUMANITARNA FONDACIJA DOBRA SNAGA",28827890,772,9499,2014-06-05
"NACIONALNA FONDACIJA ZA OČUVANJE BAŠTINE",28827911,454,7490,2014-06-19
"FONDACIJA 17 OKTOBAR",28827920,332,5819,2014-06-23
"FORT - FONDACIJA ZA OBNOVU I RAZVOJ PETROVARADINSKE TVRĐAVE",28827938,4512,9499,2014-06-25
"UJEDINJENA SRPSKA FONDACIJA",28827946,415,9499,2014-06-25
"ZADUŽBINA VLADIKE UŽIČKOG VIĆENTIJA KRASOJEVIĆA",28827962,472,9499,2014-07-08
"FONDACIJA ZA HUMANITARNE AKTIVNOSTI NINA PETROVIĆ 2012",28827989,3096,9499,2014-07-08
"FONDACIJA RADU",28827997,4395,9499,2014-07-10
"ZADUŽBINA LUKONĐA",28828004,452,9499,2014-07-16
"FONDACIJA PROSPERITET",28828012,479,9499,2014-07-17
"FONDACIJA ZA RAZVOJ SPORTA I SPORTSKE INFRASTRUKTURE",28828039,358,7490,2014-07-22
"BENLIAN FONDACIJA ZA PROMOVISANJE I POPULARIZACIJU NAUKE, OBRAZOVANJA, UMETNOSTI I SPORTA I BRIGU O DECI I MLADIMA",28828047,6167,9499,2014-07-24
"FONDACIJA SRETEN STOJANOVIĆ",28828063,452,5811,2014-08-01
"FONDACIJA DOSTOJANSTVO",28828071,4512,9499,2014-08-04
"FONDACIJA RUŽICE SOKIĆ",28828080,333,7021,2014-08-08
"FONDACIJA FEDOR FRIMERMAN",28828098,332,5814,2014-08-12
"FONDACIJA MAJKA ZEMLJA",28828101,4395,7022,2014-09-01
"JEVREJSKA KULTURNA I HUMANITARNA FONDACIJA SABITAJ BUKI FINCI BEOGRAD",28828110,358,9499,2014-09-11
"ZADUŽBINA BARONICE EUFEMIJE JOVIĆKE",28828128,472,9499,2014-09-17
"ZADUŽBINA JELENE NESTOROVIĆ",28828136,472,9499,2014-09-17
"FONDACIJA DODIR NADE",28828144,480,7220,2014-09-18
"ZADUŽBINA PETRA I KATARINE POPADIĆ",28828152,472,9499,2014-09-22
"ZADUŽBINA - GRAĐANSKA ZAKLADA DUŠANA RADIĆA, VELIKOPOSEDNIKA",28828179,472,9499,2014-09-22
"FONDACIJA GIMNAZIJE ZAJEČAR",17623591,1436,9499,2014-09-25
"HELENSKA FONDACIJA ZA KULTURU",17741837,333,9499,2014-10-01
"FONDACIJA NAŠ DOM",28828187,472,9499,2014-10-03
"FONDACIJA MINJA PETROVIĆ",28828195,415,9499,2014-10-09
"DOBROTVORNA FONDACIJA MILOVANOVIĆ ANKA I PAVLOVIĆ NOVKA",17641271,333,9499,2014-10-14
"ZADUŽBINA PATRIJARHA GEORGIJA BRANKOVIĆA",28828209,472,9499,2014-10-23
"FONDACIJA ZA BEZBEDNOST DECE I MLADIH U SAOBRAĆAJU",28828225,4512,5811,2014-10-27
"FONDACIJA NOĆ POZORIŠTA",28828233,4512,5811,2014-10-30
"FONDACIJA INGENIUM",28828250,4592,5811,2014-11-13
"FONDACIJA NADA",28828241,332,9603,2014-11-13
"FONDACIJA SRPSKI LEGAT",28828268,358,6312,2014-11-19
"FONDACIJA FOND ZA EDUKACIJU VIVARTA LILA SOMBOR",08914303,4616,9499,2014-11-27
"FONDACIJA ČUVARI MIRA",28828284,1925,9499,2014-12-09
"FONDACIJA ATLETSKOG SAVEZA SRBIJE",28828292,472,4690,2014-12-12
"ZADUŽBINA LANA BEKAVAC",28828314,349,9499,2014-12-19
"FONDACIJA RISTE I TRIFUNA BRAĆE PETROVIĆA IZ ZGONJEVA",28828306,415,9499,2014-12-23
"FONDACIJA ZA POMOĆ SIROMAŠNIM UČENICIMA GIMNAZIJE U SMEDEREVU",28828322,3686,9499,2014-12-23
"FONDACIJA SLOBODAN DRAŠKOVIĆ",28828349,2558,9499,2014-12-26
"RES FONDACIJA",28828357,472,7022,2015-01-14
"FONDACIJA KRALJEVIĆ MARKO",28828365,480,9499,2015-01-30
"DOBROTVORNA FONDACIJA KINESKIH DRŽAVLJANA",28828373,415,4719,2015-02-02
"FONDACIJA ZA RAZVOJ ISTRAŽIVAČKOG NOVINARSTVA I ODGOVORNIH MEDIJA-FORIN",28828381,4513,5814,2015-02-11
"FONDACIJA DRAGOSLAV MILADINOVIĆ",28828390,1547,9499,2015-02-12
"FONDACIJA ZA STIPENDIRANJE TALENATA IZ MATEMATIKE I TEHNIČKIH NAUKA SANJA MILENKOVIĆ",17234382,472,9499,2015-02-23
"FONDACIJA LANE",28828403,333,4778,2015-03-05
"FONDACIJA ALEKSANDAR COLE MARIĆ - MC OLDMAN",28828411,4512,9499,2015-03-11
"ISI FONDACIJA",28828420,4650,9499,2015-03-18
"FONDACIJA ZDRAVKO RANKOVIĆ",28828438,772,5819,2015-03-26
"FONDACIJA MARINKO KELEČEVIĆ",28828446,356,4791,2015-03-30
"CARLSBERG I DUNĐERSKI FONDACIJA",28828454,4287,9499,2015-04-02
"FONDACIJA MASLAČAK",28828462,454,9499,2015-04-06
"FONDACIJA LAURENZIA I SOFI ZA BOLJI I ZDRAV ŽIVOT",28828489,4039,9499,2015-04-07
"SRPSKA FONDACIJA DOBRIH LJUDI SVETA",28828497,349,9499,2015-04-14
"FONDACIJA OSTREA RUT 2015",28828519,4512,7022,2015-04-22
"BEOGRADSKA FONDACIJA ZA BORBU PROTIV RAKA",28828527,415,9003,2015-04-28
"REGIONALNA FONDACIJA ZA MLADE",28828535,332,9499,2015-04-28
"FONDACIJA BREDA KALEF",28828543,333,9499,2015-05-08
"ZADUŽBINA JELENA GENČIĆ",28828551,454,9499,2015-05-11
"FONDACIJA INSTITUTA ZA FIZIKU U BEOGRADU",28828560,358,5811,2015-05-12
"INTERNACIONALNA DEČIJA I EKOLOŠKA FONDACIJA",28828578,349,4120,2015-05-14
"FONDACIJA ZA PODRŠKU LICIMA SA ZNATNO SMANJENOM I BEZ FUNKCIJE VIDA FIBI",28828586,480,5811,2015-05-18
"FONDACIJA GORAN RADOJKOVIĆ BANKER",28828594,6167,9499,2015-05-18
"FONDACIJA SVETI ARHANGELI",28828608,415,9499,2015-05-21
"FONDACIJA ZA ZDRAVSTVO",28828616,6167,6492,2015-05-25
"FONDACIJA TIJANA JURIĆ",28828624,4675,9499,2015-06-02
"FONDACIJA GROBARI ZA NAS",28828632,480,7312,2015-06-04
"FONDACIJA SOLIDARNOSTI ZA PREVENCIJU RADNE INVALIDNOSTI I REKREATIVNI ODMOR RADNIKA",28828667,4512,9499,2015-06-08
"FONDACIJA KRAJIŠKI KULTURNO-ISTORIJSKI CENTAR",28828675,415,9499,2015-06-10
"FONDACIJA TROJKA IZ BLOKA",28828683,4512,4719,2015-06-19
"FONDACIJA OMFORTE",28828691,332,7022,2015-06-22
"FONDACIJA ZLATA PETKOVIĆ",28828705,3557,9003,2015-06-23
"FONDACIJA PROF. DR TOMISLAV DRAGOVIĆ",28828713,472,9499,2015-07-06
"FONDACIJA PORODICE JOSIPOVIĆ MALI RAJ NA ZEMLJI-RAJAC",28828730,472,9499,2015-07-21
"FONDACIJA OTAC RATKO",28828748,357,9499,2015-07-23
"WESTMINSTER FOUNDATION FOR DEMOCRACY - PREDSTAVNIŠTVO U BEOGRADU",28880103,472,8299,2015-07-30
"FONDACIJA SRETEN ADZIĆ",28828756,1533,9499,2015-07-30
"BUDVIG FONDACIJA",28828764,6165,9499,2015-08-04
"FONDACIJA ZASAVICA",28828772,4631,9499,2015-08-10
"FONDACIJA KAROLJ BIRO KAROLY ALAPITVANY",28828799,4675,8230,2015-08-10
"FONDACIJA NEMAČKA FONDACIJA DEUTSCHE STIFTUNG",28828802,4675,9499,2015-08-11
"ARS LONGA - FONDACIJA ZA OČUVANJE LEPIH UMETNOSTI",28828829,332,9499,2015-08-14
"FONDACIJA TISIN CVET",28828837,4592,9499,2015-08-24
"SBB FONDACIJA",28828853,415,9499,2015-08-27
"FONDACIJA FRONT",28828861,2839,7490,2015-08-27
"FONDACIJA ZELENA REPUBLIKA",28828870,415,7490,2015-09-01
"FONDACIJA KENDAL TEJLOR",28828888,472,9499,2015-09-11
"PREDSTAVNIŠTVO SWISSCONTACT SRB",28828896,472,8299,2015-09-21
"FONDACIJA ZA POMOĆ PORODICAMA POGINULIH RADNIKA 10. MARTA 1974. GODINE SOKOBANJA",28828900,3727,9499,2015-10-02
"FONDACIJA EDUCATIO",28828918,4592,8559,2015-10-07
"FONDACIJA BORISLAV PEKIĆ",28828926,333,7022,2015-10-09
"FONDACIJA "NEVER ALONE"",28828934,472,9499,2015-10-09
"FONDACIJA LJUGINA",28828969,3133,6020,2015-10-20
"FONDACIJA BUS PLUS ZAJEDNO",28828977,333,9499,2015-10-27
"FONDACIJA OBRAZOVNI KONSALTING",28828993,333,8560,2015-10-29
"FONDACIJA DINO PARK DECI NA DAR",28829027,4512,9499,2015-11-13
"FONDACIJA ANGELINA SRPSKA",28829043,553,9499,2015-11-23
"FONDACIJA BEZBEDNA ŠKOLA",28829051,4512,8020,2015-11-25
"FONDACIJA ZA IZGRADNJU FISKULTURNE SALE U OSTRUŽNICI",28829078,474,9499,2015-11-26
"FONDACIJA GORDANA JOKIĆ KAŠIKOVIĆ I DRAGIŠA KAŠIKOVIĆ",28829086,472,9499,2015-11-26
"FONDACIJA MARKO GLUŠAC",28829094,472,9499,2015-12-03
"ATID HAIELADIM - SRBIJA",28880111,453,8299,2015-12-08
"FONDACIJA MILAN VUKOVIĆ",28829108,1131,9499,2015-12-11
"FONDACIJA - AKADEMIJA DRUŠTVENIH NAUKA DR. JOVAN I. DERETIĆ",28829116,332,5814,2015-12-15
"FONDACIJA PETRA CVETKOVIĆ",28829124,480,9499,2015-12-15
"FONDACIJA ZORAN M. PETROVIĆ TITO",28829132,407,9499,2015-12-21
"ZADUŽBINA JOVO LOJANICA STUPLJANIN",28829159,3653,7022,2015-12-29
"FONDACIJA ZA RAZVOJNE DRUŠTVENE PROGRAME I JAVNE POLITIKE POINT",28829175,349,7022,2016-01-25
"FONDACIJA PROSPERITATI",28829183,4675,9499,2016-01-25
"FONDACIJA MIHAILO MIŠKO JEREMIĆ",28829191,454,9499,2016-01-28
"FONDACIJA FOEDUS",28829213,415,9499,2016-02-10
"FONDACIJA MULTIKOM",28829205,333,9499,2016-02-10
"FONDACIJA MAD MARX",28829221,4088,7022,2016-02-11
"FONDACIJA ARHITEKTA ALEKSANDAR RADOVIĆ",28829230,6167,9499,2016-02-18
"ZADUŽBINA JANKOVIĆ I ANĐELKOVIĆ",28829248,480,9499,2016-02-19
"FONDACIJA UKLJUČI SE",28829256,332,9499,2016-02-23
"FONDACIJA MARKO NIKOLIĆ",28829272,358,9499,2016-02-25
"FONDACIJA NAŠE PRAVO LICE",28829264,1785,9499,2016-02-25
"FONDACIJA DR BERISLAV RISTIĆ BERKO",28829299,591,8559,2016-03-02
"FONDACIJA ARTIUM",28829302,452,4791,2016-03-11
"FONDACIJA MIHAILO RAŠIĆ",28829329,472,9499,2016-03-11
"OPŠTEKORISNA FONDACIJA SESTARA SLUŽBENICA JOSAFATA",28829337,4479,9499,2016-03-15
"FONDACIJA MILAN RAKIĆ",28829345,839,9499,2016-03-17
"FONDACIJA DRUŽBA",28829353,128,9003,2016-03-18
"TARA FONDACIJA",28829361,454,9499,2016-03-23
"FONDACIJA ZA LEPŠI NIŠ",28829370,6167,5814,2016-03-30
"FONDACIJA RANKO ŽERAVICA",28829396,4494,8551,2016-03-31
"REALNA MEDICINSKA FONDACIJA",28829388,454,9499,2016-03-31
"FONDACIJA NOVA",28829400,4512,9003,2016-04-05
"FONDACIJA GRUPA SEVER",28829418,4512,5811,2016-04-12
"ZADUŽBINA NIKOLE STOJADINOVIĆ",28829426,1361,5610,2016-04-25
"FONDACIJA ZA PODRŠKU U PREVENCIJI I LEČENJU PEDIJATRISKIH OBOLJENJA NA PODRUČJU KOLUBARSKOG OKRUGA HELIOS",28829434,772,9499,2016-04-28
"FONDACIJA JOVANA LEKIN",28829442,4489,9499,2016-05-11
"FONDACIJA MILAN ZLOKOVIĆ",28829469,333,5811,2016-05-11
"FONDACIJA ABRAHAMOV PUT",28829477,454,9499,2016-05-20
"FONDACIJA SIGURAN PUT",28829485,452,7022,2016-05-20
"FONDACIJA SEAS",28829493,415,9499,2016-05-25
"FONDACIJA LEONORA",28829507,425,9499,2016-05-27
"FONDACIJA FENIKS",28829515,3777,7022,2016-06-01
"FONDACIJA ZA RAZVOJ STARE MORAVICE",28829523,4310,9499,2016-06-02
"FONDACIJA SAČUVAJMO PČELE SAVEZA PČELARSKIH ORGANIZACIJA SRBIJE",28829531,415,4619,2016-06-10
"FONDACIJA ARKA",28829540,333,7220,2016-06-16
"FONDACIJA SAVEZY EKONOMISTA SRBIJE ZA PODRŠKU STUDENTIMA EKONOMIJE",28829558,415,5811,2016-06-23
"FONDACIJA STANKA ROMAC",28829574,472,9499,2016-06-29
"FONDACIJA ZA MAHARIŠI AJURVEDU",28829582,4513,4646,2016-06-29
"FONDACIJA ZA OČUVANJE ISTORIJSKIH VREDNOSTI I KULTURNOG NASLEĐA AOI",28829604,415,9499,2016-06-29
"FONDACIJA ZA UNAPREĐENJE OBRAZOVANJA I NAUKE MERIDIANI",28829612,452,4399,2016-07-06
"HUMANITARNA FONDACIJA BUDI HUMAN - ALEKSANDAR ŠAPIĆ",28829639,415,9002,2016-07-29
"FONDACIJA LJUDSKO DOBRO-HUMAN WELL",28829647,349,9499,2016-08-12
"FONDACIJA ZA IZBEGLICE",28829655,453,9499,2016-08-30
"FONDACIJA MILKO",28829663,4675,9102,2016-08-30
"FONDACIJA ALEKSANDAR TIŠMA",28829671,4512,9499,2016-08-30
"EDUKATIVNA FONDACIJA SVJETLOST",28829680,3638,8559,2016-09-06
"ZADUŽBINA KUĆA GRAĐANSKOG DRUŠTVA",28829698,333,7490,2016-09-06
"FONDACIJA SVETLANA CECA ERDELJAN",28829701,349,9499,2016-09-08
"BALKANSKA FONDACIJA ZA BORBU PROTIV SIROMAŠTVA",28829710,415,9499,2016-09-23
"FONDACIJA MARTIAL EDY PHILIPPE",28829728,472,9499,2016-09-23
"FONDACIJA ZA PREVENTIVU I LEČENJE",28829736,345,9499,2016-10-04
"FONDACIJA KATARINA PRERADOVIĆ",28829744,454,5819,2016-10-05
"FONDACIJA PONS",28829752,6167,9499,2016-10-06
"FONDACIJA SOFIJE I KOSTE M. PAPIĆ",28829779,4512,9499,2016-10-12
"FONDACIJA VASILIJE MOKRANJAC",28829787,472,5920,2016-10-13
"FONDACIJA SPES",28829795,4395,9499,2016-11-07
"FONDACIJA IDVORSKI",28829809,4458,9499,2016-11-16
"FONDACIJA ZA RAZVOJ OMLADINSKOG JEDRENJA LEPTIR",28829817,358,9499,2016-11-17
"FONDACIJA JOSIP PEIĆ",28829825,4616,9499,2016-11-24
"FONDACIJA LANA BEKAVAC",28829833,333,5819,2016-11-30
"FONDACIJA SRPSKI KRALJEVSKI GRBOVNIK",28829841,1785,9499,2016-12-05
"FONDACIJA HUMANE COTTAGE",28829850,4616,9499,2016-12-06
"FONDACIJA SVETI PANTELEJMON",28829868,333,9499,2016-12-07
"FONDACIJA DORONJSKI",28829876,4512,9499,2016-12-15
"FONDACIJA NAR",28829884,452,4120,2016-12-16
"FONDACIJA JABUKOVAC",28829892,2651,9499,2016-12-20
"FONDACIJA ZADUŽBINARI",28829906,2413,9499,2016-12-21
"FONDACIJA NAŠA KUĆA KRAJINA",28829914,591,7990,2016-12-27
"FONDACIJA NOVI SAD 2021-EVROPSKA PRESTONICA KULTURE",28829922,4512,9003,2017-01-05
"FONDACIJA BUDI SREĆAN VLADIMIR VUČETIĆ",28829949,358,9002,2017-01-05
"FONDACIJA CENTAR DRUŠTVENIH INOVACIJA",28829957,2839,7490,2017-01-10
"FONDACIJA PROF. DR MARKO V. JARIĆ",28829965,472,9499,2017-01-23
"FONDACIJA VIZUALIZATOR",28829973,452,7022,2017-02-07
"FONDACIJA PLAVO",28829981,454,9499,2017-02-09
"FONDACIJA TANDEM",28829990,1785,9499,2017-02-09
"FONDACIJA SABUR",28830009,3975,9499,2017-02-10
"FONDACIJA KINDERDORF PESTALOZZI-PREDSTAVNIŠTVO U REPUBLICI SRBIJI",28880146,333,8299,2017-02-27
"FONDACIJA ZA EDUKACIJU, KULTURU I VERONAUKU",28830017,3638,8790,2017-02-27
"FONDACIJA ZA EKOLOGIJU, ODRŽIVI RAZVOJ I ZAŠTITU ŽIVOTNE SREDINE EKOZA",28830025,480,7490,2017-03-07
"FONDACIJA SLOBODAN S. BEGOVIĆ",28830041,454,7490,2017-03-13
"FONDACIJA AKADEMIKA VASE ČUBRILOVIĆA ZA NAGRADE IZ ISTORIJE BALKANA, NJEGOVIH ZEMALJA I NARODA",28830033,472,9499,2017-03-14
"FONDACIJA KRALJEVSKA KUĆA OBRENOVIĆ",28830050,1785,5811,2017-03-14
"MONCALIERI FONDACIJA",28830068,358,9499,2017-03-20
"FONDACIJA ZAMISLI ŽIVOT",28830076,1315,9499,2017-03-23
"FONDACIJA RAKO I MIROSLAVA LUKIĆ",28830084,472,9499,2017-03-29
"FONDACIJA FAMILIJA BODIROGA",28830092,332,9499,2017-03-30
"FONDACIJA IVANA ŠPANOVIĆ",28830106,4395,9499,2017-03-30
"KNJIŽEVNA FONDACIJA JANOŠ BANJAI",28830114,4675,9499,2017-04-05
"FONDACIJA PETLJA",28830122,454,9499,2017-04-11
"FONDACIJA MLADIH SPORTISTA SRBIJE",28830149,415,9499,2017-04-11
"FONDACIJA UNIVEREXPORT",28830157,4512,4619,2017-04-27
"FONDACIJA JELENA ZINDOVIĆ-ZINDA",28830173,358,9499,2017-05-11
"FONDACIJA AS-SVET VOLI POBEDNIKE",28830181,415,9002,2017-05-22
"FONDACIJA BSD",28830190,333,5814,2017-06-14
"FONDACIJA SLOBODA ŠTAMPE",28830203,4592,5813,2017-06-16
"FONDACIJA PRIM. DR SCI. TODOR JOVANOVIĆ",28830211,452,4711,2017-06-19
"FONDACIJA BEKAMENT",28830220,129,9499,2017-06-28
"ZADUŽBINA MORLAČKI LEGAT",28830238,4643,9102,2017-07-03
"FONDACIJA DUŠAN PERKOVIĆ I ANA KRASOJEVIĆ PERKOVIĆ",28830246,452,9499,2017-07-05
"FONDACIJA MEBIUS",28830254,4512,5814,2017-07-05
"FONDACIJA ČAROBNI BREG",28830262,222,9499,2017-07-06
"FONDACIJA VIMINACIVM",28830289,472,9499,2017-07-14
"FONDACIJA BIZNIS PLUS - NOVI MAGAZIN",28830297,472,5814,2017-07-17
"FONDACIJA SRETNO DETINJSTVO",28830319,4675,5590,2017-07-21
"FONDACIJA MEĐUGENERACIJSKI VOLONTERSKI CENTAR - MVC",28830327,454,9499,2017-07-25
"FONDACIJA SVIH ŽALOSNIH RADOST",28830335,349,9499,2017-07-28
"FONDACIJA JONZRA",28830343,480,9499,2017-08-11
"FONDACIJA SAVA",28830351,4616,9499,2017-08-17
"ALVA FONDACIJA",28830360,4617,9499,2017-08-17
"FONDACIJA ĐORĐE VUJIĆ",28830378,1436,9499,2017-08-25
"FONDACIJA ZA ZAŠTITU ŽIVOTNE SREDINE JASEN",28830386,4660,9499,2017-08-28
"BALKANSKA FONDACIJA ZA STRATEŠKE INICIJATIVE",28830394,792,9499,2017-09-13
"HUMANITARNA FONDACIJA PRVI KORAK",28830408,4512,9499,2017-09-21
"FONDACIJA PROTOPOP TRAIAN OPREA",28830416,4353,9499,2017-09-25
"FONDACIJA IZLEČIMO SVET",28830432,6167,4799,2017-10-04
"FONDACIJA CVETKA JOVANOVIĆA I ŽENE MU STEFANE",28830424,349,5814,2017-10-04
"MEĐUNARODNA FONDACIJA SV.GEORGIJA POBEDONOSCA",28830459,316,7022,2017-10-06
"FONDACIJA INICIJATIVA MLADIH",28830467,452,9499,2017-10-13
"FONDACIJA SRPSKI ZALOG ZA SVEMIR",28830475,415,9499,2017-10-16
"FONDACIJA APART",28830483,454,9499,2017-10-16
"FONDACIJA PROJEKAT POLUNIN",28830491,472,9002,2017-10-20
"FONDACIJA RHM",28830505,454,7022,2017-10-27
"ZADUŽBINA PORODICE JAROLIMEK",28830513,472,5811,2017-11-14
"PREDSTAVNIŠTVO IREX INC.",28880162,472,8299,2017-11-15
"FONDACIJA DECI NA DAR MANDIĆ MILAN",28830521,4655,9499,2017-11-22
"FONDACIJA ZA BOLJI ŽIVOT - DR ALEN AZARIĆ",28830530,480,9499,2017-12-05
"BLACKSYNC JAVNA FONDACIJA",28830548,358,9499,2017-12-06
"FONDACIJA MILOSRĐE",28830556,1037,9499,2017-12-11
"PREDSTAVNIŠTVO STRANE FONDACIJE "FONDATION CHRETIENNE ZARANAINA"",28880189,66,8299,2017-12-12
"FONDACIJA JOVAN RISTIĆ",28830564,472,9499,2017-12-26
"STATTVERK FONDACIJA",28830572,472,9499,2018-01-04
"FONDACIJA LAZAR VRKATIĆ",28830599,4512,9499,2018-01-08
"FONDACIJA HAMD",28830602,333,9002,2018-01-16
"FONDACIJA SIMONIDA",28830629,4512,9499,2018-01-23
"FONDACIJA NORBS PLUS",28830637,452,9002,2018-02-08
"FONDACIJA FONDATION CHRETIENNE ZARANAINA",28830645,472,9499,2018-02-09
"FONDACIJA OSIROMAŠENI URANIJUM",28830653,452,9002,2018-02-13
"ART HEART FONDACIJA",28830661,415,9499,2018-02-13
"FONDACIJA PROF. DR. ANĐELKA IGNJAČEVIĆ",28830670,452,9499,2018-02-20
"FONDACIJA MR MIODRAGA JANJUŠEVIĆA, AKADEMSKOG SLIKARA",28830688,472,9499,2018-02-26
"OD SRCA - SRCU - FONDACIJA ZA ADAPTACIJU DOMA I POMOĆ OSTARELIM I INVALIDNIM LICIMA",28830700,339,4613,2018-03-12
"FONDACIJA PLANETARNI SPORTSKI GRAD -UNIVERZUM GLOBALNOG SPORTA",28830718,445,9319,2018-03-13
"FONDACIJA JOVAN PETROVIĆ",28830726,591,9003,2018-03-23
"FONDACIJA DEJAN PANDUROVIĆ",28830734,332,9499,2018-03-28
"FONDACIJA SPOMENICA SOLIDARNOSTI",28830742,472,7022,2018-03-30
"FONDACIJA BESMRTNI PUK",28830769,333,9499,2018-04-02
"FONDACIJA PLAVA ZVEZDA",28830777,2922,9499,2018-04-11
"FONDACIJA SDEWES",28830785,452,7112,2018-04-13
"FONDACIJA DETE I PAS",28830793,374,9499,2018-05-03
"FONDACIJA RUDOLF BRUČI",28830807,4512,9499,2018-05-10
"FONDACIJA NEOPLANTART",28830815,4512,9001,2018-05-21
"FONDACIJA SAŠA MARČETA",28830823,415,9499,2018-05-21
"FONDACIJA HUMANIST",28830831,452,9499,2018-05-21
"FODACIJA MOGUĆA SRBIJA",28830840,472,5814,2018-06-11
"FONDACIJA FUNDATIO RUTHENORUM",28830858,4512,9499,2018-06-20
"FONDACIJA GOCA I DECA",28830866,454,5819,2018-06-22
"FONDACIJA NIKOLA KOJOVIĆ",28830874,415,9499,2018-06-26
"FONDACIJA JEDAN POSTO",28830882,349,9499,2018-07-12
"ZADUŽBINA MILANA MLADENOVIĆA",28830904,472,9499,2018-07-17
"FONDACIJA LIVE RICH",28830912,4088,9499,2018-07-20
"FONDACIJA VLADIMIR STEFANOVIĆ",28830939,480,9499,2018-07-26
"FONDACIJA ZORA",28830947,333,9499,2018-08-02
"FONDACIJA GLASNIK",28830955,358,6201,2018-08-06
"FONDACIJA NIKOLA JOKIĆ I PRIJATELJI",28830963,4616,9499,2018-08-20
"SERGEJ POLUNIN FONDACIJA",28830971,472,9002,2018-08-21
"FONDACIJA CORVINIANA",28830980,4512,9499,2018-08-29
"FONDACIJA GREEN SOLUTIONS",28830998,4512,9499,2018-08-29
"FONDACIJA AKADEMIK SENTA",28831005,4592,8559,2018-09-21
"FONDACIJA HILJADU ŽELJA",28831013,472,9499,2018-10-09
"FONDACIJA FOND BISERKE CVEJIĆ",28831021,454,9499,2018-10-15
"FONDACIJA FOND STEVAN HRISTIĆ",28831030,454,9499,2018-10-15
"FONDACIJA FOND PREDRAG MILOŠEVIĆ",28831048,454,9499,2018-10-15
"ZADUŽBINA DR LJUBICE ŠKARA VIDOJEVIĆ I DR OBRADA VIDOJEVIĆA",28831056,454,9499,2018-10-15
"FONDACIJA X2X",28831064,4675,9499,2018-10-19
"FONDACIJA VLADIKA JERONIM",28831072,452,9499,2018-11-02
"FONDACIJA DARU-L-ILM",28831099,3975,9499,2018-11-05
"FONDACIJA ENTER",28831102,356,5911,2018-11-08
"FONDACIJA ZAJEDNO ZA MLADE - PROF. DR DANICA GRUJIČIĆ",28831129,454,9499,2018-11-14
"FONDACIJA POZORIŠTE ZA BEBE",28831137,415,9001,2018-11-19
"FONDACIJA PREDRAG BAJČETIĆ",28831145,333,5811,2018-11-26
"FONDACIJA MILAN PETROVIĆ",28831153,4512,9499,2018-12-17
"RAST FONDACIJA",28831161,454,7490,2018-12-27
"FONDACIJA ČUVARKUĆA",28831170,4512,9499,2018-12-31
"FONDACIJA ADA AUGUSTA",28831188,4512,8559,2019-01-17
"FONDACIJA TAUSSIG",28831196,4675,9003,2019-01-21
"FONDACIJA VIDOSAV",28831200,1755,9499,2019-01-21
"FONDACIJA RŠUM",28831218,349,8559,2019-01-23
"FONDACIJA ZA POMOĆ PORODICAMA POGINULIH I PREMINULIH PRIPADNIKA SAJ-A",28831226,358,9499,2019-01-23
"FONDACIJA ZA OBRAZOVANJE ROMA",28831234,472,7022,2019-01-30
"FONDACIJA RMF BALKAN",28831242,472,9499,2019-02-08
"FONDACIJA 4 CHILD",28831269,349,4791,2019-02-13
"FONDACIJA GRČKE NACIONALNE MANJINE U SRBIJI",28831277,4512,9499,2019-03-04
"FONDACIJA PINTA 021",28831293,4512,9499,2019-03-05
"FONDACIJA PRIJATELJI EKONOMSKOG FAKULTETA U NIŠU",28831285,6167,9499,2019-03-05
"FONDACIJA NUMAN BAJRAMOVIĆ",28831307,333,9499,2019-03-14
"FONDACIJA BUDIMO LJUDI",28831315,453,9499,2019-03-14
"FONDACIJA PERUN",28831323,332,9002,2019-03-19
"FONDACIJA GIMNAZIJE VELJKO PETROVIĆ SOMBOR",28831331,4616,5814,2019-03-21
"FONDACIJA OBNOVA",28831340,2839,7220,2019-03-22
"FONDACIJA BILJANA BOSNIĆ OGNJENOVIĆ",28831358,453,7490,2019-03-26
"FONDACIJA DUŠAN D. ARANĐELOVIĆ",28831366,472,9003,2019-03-28
